Item_id,Count
apple-magazine,1
apple2000,1
appleorchardmagazine,1
computist,1
contactmagazine,1
goldenfrench,1
goldenmagazine,1
incidermagazine,1
macaddict,1
macworld-magazine,1
miscapplemagazines,1
openapplemagazine,1
peekermagazine,1
peelingsii,1
softalkapple,1
tremplin_micro,1
williametteapple,1
64er_magazine,1
acsguidecommodoreamiga,1
ahoy-magazine,1
ahoymagazine,1
amiga-computing-magazine,1
amiga-world,1
amigaaction,1
amigabyte,1
amigacd32gamer,1
amigactive,1
amigadownunder,1
amigafever,1
amigaforcemagazine,1
amigaformatmagazine,1
amigagamesgerman,1
amigainformer,1
amigainsiderde,1
amigamagazineitalian,1
amigapointofview,1
amigashopper,1
amigashopper-magazine,1
amigauserinternational,1
australiancommodoreamigareview,1
clubcommodore,1
commander-magazine,1
commandermagazine,1
commodore-diskuser,1
commodore-format-magazine,1
commodore-horizons,1
commodore-magazine,1
commodore-power-play-magazine,1
commodore-world,1
commodore_computer_club,1
commodore_gazette,1
commodorecomputinginternational,1
commodorediskuser,1
commodoreitalian,1
commodoremicrocomputers,1
commodoreuser-magazine,1
computesamigaresource,1
cuamiga-magazine,1
cugs-archive,1
enigmaamigarun,1
go64-verlang,1
ozamiga,1
professionalamiga,1
run-magazine,1
sidinmagazine,1
totalamiga,1
victapecomputing,1
your-commodore-magazine,1
Nuova_Elettronica_extra,1
